{
    "timestamp": 1745521826.1912925,
    "Q1_freq": 4167998579,
    "Q2_freq": 4273259679,
    "QC_freq": 5251000000,
    "ACS_freq": 4176998162,
    "Q1_ef_freq": 4020623118,
    "Q2_ef_freq": 4129869789,
    "QC_ef_freq": 5097291926,
    "res_1_freq": 6693490000,
    "res_2_freq": 6874786000,
    "res_C_freq": 7082480000,
    "twpa_freq":  8960000000,
    "twpa_power": -4.25,
    "twpa_flux_volt": 2.0,
    "time_readout_res_1": [
        0,
        3200,
        16000
    ],
    "time_readout_res_2": [
        0,
        3200,
        16000
    ],
    "time_readout_res_C": [
        0,
        3200,
        16000
    ],
    "amp_readout_res_1": [
        0.01955428878280147
    ],
    "amp_readout_res_2": [
        0.01536905706920036
    ],
    "amp_readout_res_C": [
        -0.003372350678245836
    ],
    "DC_offset3": -0.021220146991437247,
    "DC_offset4": -0.025229352259581676,
    "DC_offset5": -0.03140007379965931,
    "DC_offset6": -0.0052372881886881785,
    "DC_offset7": 0,
    "DC_offset8": 0,
    "DC_offset9": 0.007991565561905114,
    "DC_offset10": -0.005027134449895356,
    "DC_offset9_readout": 0.008815779902819202,
    "DC_offset10_readout": -0.007447471310095277,
    "DC_offset9_qubit": -0.03986899188630189,
    "DC_offset10_qubit": -0.12748085368676335,
    "Q1_DL_x180_len": 40,
    "Q1_DL_x180_amp": 0.0821758559977774,
    "Q2_DL_x180_len": 40,
    "Q2_DL_x180_amp": [
        0.05394801001438909
    ],
    "QC_x180_len": 40,
    "QC_x180_amp": 0.12903991289860764,
    "Q1_ef_DL_x180_len": 40,
    "Q1_ef_DL_x180_amp": 0.15386423912133385,
    "Q2_ef_DL_x180_len": 40,
    "Q2_ef_DL_x180_amp": 0.3944966227967847,
    "QC_ef_x180_len": 40,
    "QC_ef_x180_amp": 0.11579105781996638,
    "Q1_DL_x180_cos_amp": 0.05974092539942086,
    "Q1_DL_x90_cos_amp": 0.05869943450572487,
    "Q2_DL_x180_cos_amp": 0.03784268120149285,
    "Q2_DL_x90_cos_amp": 0.037736383686084035,
    "QC_x180_cos_amp": 0.12618552643599892,
    "QC_x90_cos_amp": 0.12761913563951421,
    "Q1_ef_DL_x180_cos_amp": 0.06205768771436941,
    "Q1_ef_DL_x90_cos_amp": 0.18062495021916267,
    "Q2_ef_DL_x180_cos_amp": 0.050251208244566185,
    "Q2_ef_DL_x90_cos_amp": 0.18062495021916267,
    "QC_ef_x180_cos_amp": 0.1179599443963455,
    "QC_ef_x90_cos_amp": 0.08506530097322346,
    "Q1_DL_x180_long_amp": 0.0137115660626007,
    "Q2_DL_x180_long_amp": 0.008650930965951974,
    "QC_x180_long_amp": 0.0064,
    "amp_ACS": 0.16,
    "QC_FFL_amp": 0.3075171136011852,
    "QC_FFL_freq": 53378443,
    "QC_FFL_len_mod_4": 47.188489675622094,
    "QC_FFL_frame_rot": -0.0314289235419412,
    "Q1_DL_mixer_C_matrix": [
        1.0,
        0.0,
        0.037491379005457674,
        0.9642775988253064
    ],
    "Q2_DL_mixer_C_matrix": [
        1.0,
        0.0,
        -0.06618130095220706,
        0.9052554658482033
    ],
    "QC_mixer_C_matrix": [
        1.0,
        0.0,
        0.05535674198056357,
        0.9094693544249131
    ],
    "Q1_ef_DL_mixer_C_matrix": [
        1.0,
        0.0,
        0.017441312091079887,
        0.9483387216843691
    ],
    "Q2_ef_DL_mixer_C_matrix": [
        1.0,
        0.0,
        0.11726738497940717,
        0.6938167584362858
    ],
    "QC_ef_mixer_C_matrix": [
        1.0,
        0.0,
        -0.11854563253839023,
        0.7399823674233884
    ],
    "res_1_mixer_C_matrix": [
        1.0,
        0.0,
        -0.01427494802907642,
        1.1427951557986242
    ],
    "res_2_mixer_C_matrix": [
        1.0,
        0.0,
        0.08963292928570173,
        1.1708908521593462
    ],
    "res_C_mixer_C_matrix": [
        1.0,
        0.0,
        -0.17054573490959407,
        1.678233510557139
    ],
    "ACS_mixer_C_matrix": [
        1.0,
        0.0,
        0.6098450676228647,
        0.6878568331222743
    ]
}